name;offset;size;description;bitfield
sq;0;5184;;0
.entry0;0;64;;0
.valid;0;1;;1
..fsm_state;1;6;;1
..req_type;7;7;;1
..addr_51_6;14;36;;1
...entry1;64;64;;0
.valid;64;1;;1
..fsm_state;65;6;;1
..req_type;71;7;;1
..addr_51_6;78;36;;1
...entry2;128;64;;0
.valid;128;1;;1
..fsm_state;129;6;;1
..req_type;135;7;;1
..addr_51_6;142;36;;1
...entry3;192;64;;0
.valid;192;1;;1
..fsm_state;193;6;;1
..req_type;199;7;;1
..addr_51_6;206;36;;1
...entry4;256;64;;0
.valid;256;1;;1
..fsm_state;257;6;;1
..req_type;263;7;;1
..addr_51_6;270;36;;1
...entry5;320;64;;0
.valid;320;1;;1
..fsm_state;321;6;;1
..req_type;327;7;;1
..addr_51_6;334;36;;1
...entry6;384;64;;0
.valid;384;1;;1
..fsm_state;385;6;;1
..req_type;391;7;;1
..addr_51_6;398;36;;1
...entry7;448;64;;0
.valid;448;1;;1
..fsm_state;449;6;;1
..req_type;455;7;;1
..addr_51_6;462;36;;1
...entry8;512;64;;0
.valid;512;1;;1
..fsm_state;513;6;;1
..req_type;519;7;;1
..addr_51_6;526;36;;1
...entry9;576;64;;0
.valid;576;1;;1
..fsm_state;577;6;;1
..req_type;583;7;;1
..addr_51_6;590;36;;1
...entry10;640;64;;0
.valid;640;1;;1
..fsm_state;641;6;;1
..req_type;647;7;;1
..addr_51_6;654;36;;1
...entry11;704;64;;0
.valid;704;1;;1
..fsm_state;705;6;;1
..req_type;711;7;;1
..addr_51_6;718;36;;1
...entry12;768;64;;0
.valid;768;1;;1
..fsm_state;769;6;;1
..req_type;775;7;;1
..addr_51_6;782;36;;1
...entry13;832;64;;0
.valid;832;1;;1
..fsm_state;833;6;;1
..req_type;839;7;;1
..addr_51_6;846;36;;1
...entry14;896;64;;0
.valid;896;1;;1
..fsm_state;897;6;;1
..req_type;903;7;;1
..addr_51_6;910;36;;1
...entry15;960;64;;0
.valid;960;1;;1
..fsm_state;961;6;;1
..req_type;967;7;;1
..addr_51_6;974;36;;1
...entry16;1024;64;;0
.valid;1024;1;;1
..fsm_state;1025;6;;1
..req_type;1031;7;;1
..addr_51_6;1038;36;;1
...entry17;1088;64;;0
.valid;1088;1;;1
..fsm_state;1089;6;;1
..req_type;1095;7;;1
..addr_51_6;1102;36;;1
...entry18;1152;64;;0
.valid;1152;1;;1
..fsm_state;1153;6;;1
..req_type;1159;7;;1
..addr_51_6;1166;36;;1
...entry19;1216;64;;0
.valid;1216;1;;1
..fsm_state;1217;6;;1
..req_type;1223;7;;1
..addr_51_6;1230;36;;1
...entry20;1280;64;;0
.valid;1280;1;;1
..fsm_state;1281;6;;1
..req_type;1287;7;;1
..addr_51_6;1294;36;;1
...entry21;1344;64;;0
.valid;1344;1;;1
..fsm_state;1345;6;;1
..req_type;1351;7;;1
..addr_51_6;1358;36;;1
...entry22;1408;64;;0
.valid;1408;1;;1
..fsm_state;1409;6;;1
..req_type;1415;7;;1
..addr_51_6;1422;36;;1
...entry23;1472;64;;0
.valid;1472;1;;1
..fsm_state;1473;6;;1
..req_type;1479;7;;1
..addr_51_6;1486;36;;1
...entry24;1536;64;;0
.valid;1536;1;;1
..fsm_state;1537;6;;1
..req_type;1543;7;;1
..addr_51_6;1550;36;;1
...entry25;1600;64;;0
.valid;1600;1;;1
..fsm_state;1601;6;;1
..req_type;1607;7;;1
..addr_51_6;1614;36;;1
...entry26;1664;64;;0
.valid;1664;1;;1
..fsm_state;1665;6;;1
..req_type;1671;7;;1
..addr_51_6;1678;36;;1
...entry27;1728;64;;0
.valid;1728;1;;1
..fsm_state;1729;6;;1
..req_type;1735;7;;1
..addr_51_6;1742;36;;1
...entry28;1792;64;;0
.valid;1792;1;;1
..fsm_state;1793;6;;1
..req_type;1799;7;;1
..addr_51_6;1806;36;;1
...entry29;1856;64;;0
.valid;1856;1;;1
..fsm_state;1857;6;;1
..req_type;1863;7;;1
..addr_51_6;1870;36;;1
...entry30;1920;64;;0
.valid;1920;1;;1
..fsm_state;1921;6;;1
..req_type;1927;7;;1
..addr_51_6;1934;36;;1
...entry31;1984;64;;0
.valid;1984;1;;1
..fsm_state;1985;6;;1
..req_type;1991;7;;1
..addr_51_6;1998;36;;1
...entry32;2048;64;;0
.valid;2048;1;;1
..fsm_state;2049;6;;1
..req_type;2055;7;;1
..addr_51_6;2062;36;;1
...entry33;2112;64;;0
.valid;2112;1;;1
..fsm_state;2113;6;;1
..req_type;2119;7;;1
..addr_51_6;2126;36;;1
...entry34;2176;64;;0
.valid;2176;1;;1
..fsm_state;2177;6;;1
..req_type;2183;7;;1
..addr_51_6;2190;36;;1
...entry35;2240;64;;0
.valid;2240;1;;1
..fsm_state;2241;6;;1
..req_type;2247;7;;1
..addr_51_6;2254;36;;1
...entry36;2304;64;;0
.valid;2304;1;;1
..fsm_state;2305;6;;1
..req_type;2311;7;;1
..addr_51_6;2318;36;;1
...entry37;2368;64;;0
.valid;2368;1;;1
..fsm_state;2369;6;;1
..req_type;2375;7;;1
..addr_51_6;2382;36;;1
...entry38;2432;64;;0
.valid;2432;1;;1
..fsm_state;2433;6;;1
..req_type;2439;7;;1
..addr_51_6;2446;36;;1
...entry39;2496;64;;0
.valid;2496;1;;1
..fsm_state;2497;6;;1
..req_type;2503;7;;1
..addr_51_6;2510;36;;1
...entry40;2560;64;;0
.valid;2560;1;;1
..fsm_state;2561;6;;1
..req_type;2567;7;;1
..addr_51_6;2574;36;;1
...entry41;2624;64;;0
.valid;2624;1;;1
..fsm_state;2625;6;;1
..req_type;2631;7;;1
..addr_51_6;2638;36;;1
...entry42;2688;64;;0
.valid;2688;1;;1
..fsm_state;2689;6;;1
..req_type;2695;7;;1
..addr_51_6;2702;36;;1
...entry43;2752;64;;0
.valid;2752;1;;1
..fsm_state;2753;6;;1
..req_type;2759;7;;1
..addr_51_6;2766;36;;1
...entry44;2816;64;;0
.valid;2816;1;;1
..fsm_state;2817;6;;1
..req_type;2823;7;;1
..addr_51_6;2830;36;;1
...entry45;2880;64;;0
.valid;2880;1;;1
..fsm_state;2881;6;;1
..req_type;2887;7;;1
..addr_51_6;2894;36;;1
...entry46;2944;64;;0
.valid;2944;1;;1
..fsm_state;2945;6;;1
..req_type;2951;7;;1
..addr_51_6;2958;36;;1
...entry47;3008;64;;0
.valid;3008;1;;1
..fsm_state;3009;6;;1
..req_type;3015;7;;1
..addr_51_6;3022;36;;1
...entry48;3072;64;;0
.valid;3072;1;;1
..fsm_state;3073;6;;1
..req_type;3079;7;;1
..addr_51_6;3086;36;;1
...entry49;3136;64;;0
.valid;3136;1;;1
..fsm_state;3137;6;;1
..req_type;3143;7;;1
..addr_51_6;3150;36;;1
...entry50;3200;64;;0
.valid;3200;1;;1
..fsm_state;3201;6;;1
..req_type;3207;7;;1
..addr_51_6;3214;36;;1
...entry51;3264;64;;0
.valid;3264;1;;1
..fsm_state;3265;6;;1
..req_type;3271;7;;1
..addr_51_6;3278;36;;1
...entry52;3328;64;;0
.valid;3328;1;;1
..fsm_state;3329;6;;1
..req_type;3335;7;;1
..addr_51_6;3342;36;;1
...entry53;3392;64;;0
.valid;3392;1;;1
..fsm_state;3393;6;;1
..req_type;3399;7;;1
..addr_51_6;3406;36;;1
...entry54;3456;64;;0
.valid;3456;1;;1
..fsm_state;3457;6;;1
..req_type;3463;7;;1
..addr_51_6;3470;36;;1
...entry55;3520;64;;0
.valid;3520;1;;1
..fsm_state;3521;6;;1
..req_type;3527;7;;1
..addr_51_6;3534;36;;1
...entry56;3584;64;;0
.valid;3584;1;;1
..fsm_state;3585;6;;1
..req_type;3591;7;;1
..addr_51_6;3598;36;;1
...entry57;3648;64;;0
.valid;3648;1;;1
..fsm_state;3649;6;;1
..req_type;3655;7;;1
..addr_51_6;3662;36;;1
...entry58;3712;64;;0
.valid;3712;1;;1
..fsm_state;3713;6;;1
..req_type;3719;7;;1
..addr_51_6;3726;36;;1
...entry59;3776;64;;0
.valid;3776;1;;1
..fsm_state;3777;6;;1
..req_type;3783;7;;1
..addr_51_6;3790;36;;1
...entry60;3840;64;;0
.valid;3840;1;;1
..fsm_state;3841;6;;1
..req_type;3847;7;;1
..addr_51_6;3854;36;;1
...entry61;3904;64;;0
.valid;3904;1;;1
..fsm_state;3905;6;;1
..req_type;3911;7;;1
..addr_51_6;3918;36;;1
...entry62;3968;64;;0
.valid;3968;1;;1
..fsm_state;3969;6;;1
..req_type;3975;7;;1
..addr_51_6;3982;36;;1
...entry63;4032;64;;0
.valid;4032;1;;1
..fsm_state;4033;6;;1
..req_type;4039;7;;1
..addr_51_6;4046;36;;1
...entry64;4096;64;;0
.valid;4096;1;;1
..fsm_state;4097;6;;1
..req_type;4103;7;;1
..addr_51_6;4110;36;;1
...entry65;4160;64;;0
.valid;4160;1;;1
..fsm_state;4161;6;;1
..req_type;4167;7;;1
..addr_51_6;4174;36;;1
...entry66;4224;64;;0
.valid;4224;1;;1
..fsm_state;4225;6;;1
..req_type;4231;7;;1
..addr_51_6;4238;36;;1
...entry67;4288;64;;0
.valid;4288;1;;1
..fsm_state;4289;6;;1
..req_type;4295;7;;1
..addr_51_6;4302;36;;1
...entry68;4352;64;;0
.valid;4352;1;;1
..fsm_state;4353;6;;1
..req_type;4359;7;;1
..addr_51_6;4366;36;;1
...entry69;4416;64;;0
.valid;4416;1;;1
..fsm_state;4417;6;;1
..req_type;4423;7;;1
..addr_51_6;4430;36;;1
...entry70;4480;64;;0
.valid;4480;1;;1
..fsm_state;4481;6;;1
..req_type;4487;7;;1
..addr_51_6;4494;36;;1
...entry71;4544;64;;0
.valid;4544;1;;1
..fsm_state;4545;6;;1
..req_type;4551;7;;1
..addr_51_6;4558;36;;1
...entry72;4608;64;;0
.valid;4608;1;;1
..fsm_state;4609;6;;1
..req_type;4615;7;;1
..addr_51_6;4622;36;;1
...entry73;4672;64;;0
.valid;4672;1;;1
..fsm_state;4673;6;;1
..req_type;4679;7;;1
..addr_51_6;4686;36;;1
...entry74;4736;64;;0
.valid;4736;1;;1
..fsm_state;4737;6;;1
..req_type;4743;7;;1
..addr_51_6;4750;36;;1
...entry75;4800;64;;0
.valid;4800;1;;1
..fsm_state;4801;6;;1
..req_type;4807;7;;1
..addr_51_6;4814;36;;1
...entry76;4864;64;;0
.valid;4864;1;;1
..fsm_state;4865;6;;1
..req_type;4871;7;;1
..addr_51_6;4878;36;;1
...entry77;4928;64;;0
.valid;4928;1;;1
..fsm_state;4929;6;;1
..req_type;4935;7;;1
..addr_51_6;4942;36;;1
...entry78;4992;64;;0
.valid;4992;1;;1
..fsm_state;4993;6;;1
..req_type;4999;7;;1
..addr_51_6;5006;36;;1
...entry79;5056;64;;0
.valid;5056;1;;1
..fsm_state;5057;6;;1
..req_type;5063;7;;1
..addr_51_6;5070;36;;1
...sq_checksum;5120;64;;0
